{
    "vertices":[1,0.0616064,-5.73976,1,0.0616069,-0.668913,-1,0.0616069,-0.928114,-1,0.0616064,-5.73976,0.956967,4.98063,-5.57295,1.16434,4.73059,-0.949277,-0.827519,4.81465,-1.28224,-0.888234,4.95429,-5.69319,0.985215,8.23545,-4.01213,0.847102,7.34853,-1.75357,-0.6511,7.34824,-1.79768,-0.762147,8.26981,-4.22614],
    "metadata":{
        "faces":10,
        "normals":10,
        "version":3,
        "generator":"io_three",
        "vertices":12,
        "type":"Geometry"
    },
    "faces":[33,0,1,2,3,0,0,0,0,33,6,5,9,10,1,1,1,1,33,0,4,5,1,2,2,2,2,33,1,5,6,2,3,3,3,3,33,2,6,7,3,4,4,4,4,33,4,0,3,7,5,5,5,5,33,8,11,10,9,6,6,6,6,33,5,4,8,9,7,7,7,7,33,7,6,10,11,8,8,8,8,33,4,7,11,8,9,9,9,9],
    "normals":[-6.25332e-09,-1,9.65014e-08,-0.0983571,0.244441,0.964663,0.999681,-0.0129052,-0.0217168,-0.144885,0.0716356,0.986852,-0.999535,0.0296791,0.00702957,0.0311014,0.0215135,-0.999285,-0.0188251,0.93283,0.359823,0.998778,0.0493922,-0.00189183,-0.998402,0.0463855,0.0322706,0.0851911,0.415363,-0.905658]
}