{
    "uvs":[[0.175635,0.416915,0.955027,0.385622,0.928485,0.277274,0.119117,0.315508,0.867863,0.670247,0.953262,0.75561,0.875161,0.901826,0.862901,0.836623,0.091039,0.78237,0.0124016,0.698469,0.192473,1,0.106223,0.936152]],
    "vertices":[1,0.0616064,-5.73976,1,0.0616069,3.50642,-1,0.0616069,3.24722,-1,0.0616064,-5.73976,0.956967,4.98063,-5.57295,1.16434,4.73059,3.22606,-0.827519,4.81465,2.47097,-0.888234,4.95429,-5.69319,0.985215,7.28555,-4.01213,0.847102,6.39864,2.42176,-0.6511,6.39834,2.37765,-0.762147,7.31991,-4.22614],
    "metadata":{
        "version":3,
        "type":"Geometry",
        "normals":10,
        "uvs":1,
        "generator":"io_three",
        "vertices":12,
        "faces":10
    },
    "faces":[41,0,1,2,3,0,1,2,3,0,0,0,0,41,6,5,9,10,4,5,6,7,1,1,1,1,41,0,4,5,1,0,8,5,1,2,2,2,2,41,1,5,6,2,1,5,4,2,3,3,3,3,41,2,6,7,3,2,4,9,3,4,4,4,4,41,4,0,3,7,8,0,3,9,5,5,5,5,41,8,11,10,9,10,11,7,6,6,6,6,6,41,5,4,8,9,5,8,10,6,7,7,7,7,41,7,6,10,11,9,4,7,11,8,8,8,8,41,4,7,11,8,8,9,11,10,9,9,9,9],
    "normals":[-3.38934e-09,-1,5.23044e-08,-0.210286,0.251666,0.944692,0.99985,-0.0127884,-0.0116674,-0.242274,0.116674,0.963167,-0.99955,0.0297414,0.00378054,0.0311014,0.0215135,-0.999285,-0.000530196,0.990516,0.137395,0.997377,0.0723832,0.000867629,-0.997366,0.0705958,0.016673,0.0791437,0.540432,-0.837657]
}