{
    "vertices":[1,0.0616064,-5.73976,1,0.0616069,3.50642,-1,0.0616069,3.24722,-1,0.0616064,-5.73976,0.956967,4.98063,-5.57295,1.16434,4.73059,3.22606,-0.827519,4.81465,2.47097,-0.888234,4.95429,-5.69319,0.985215,7.28555,-4.01213,0.847102,6.39864,2.42176,-0.6511,6.39834,2.37765,-0.762147,7.31991,-4.22614],
    "metadata":{
        "faces":10,
        "normals":10,
        "version":3,
        "generator":"io_three",
        "vertices":12,
        "type":"Geometry"
    },
    "faces":[33,0,1,2,3,0,0,0,0,33,6,5,9,10,1,1,1,1,33,0,4,5,1,2,2,2,2,33,1,5,6,2,3,3,3,3,33,2,6,7,3,4,4,4,4,33,4,0,3,7,5,5,5,5,33,8,11,10,9,6,6,6,6,33,5,4,8,9,7,7,7,7,33,7,6,10,11,8,8,8,8,33,4,7,11,8,9,9,9,9],
    "normals":[-3.38934e-09,-1,5.23044e-08,-0.210286,0.251666,0.944692,0.99985,-0.0127884,-0.0116674,-0.242274,0.116674,0.963167,-0.99955,0.0297414,0.00378054,0.0311014,0.0215135,-0.999285,-0.000530196,0.990516,0.137395,0.997377,0.0723832,0.000867629,-0.997366,0.0705958,0.016673,0.0791437,0.540432,-0.837657]
}