{
    "uvs":[[0.142671,0.61711,0.142671,1,0,0.980428,5.52749e-08,0.61711,0.990613,0.301228,0.847297,0.31797,0.874184,0.191637,0.981046,0.195277,0,0.617109,0.0119379,0.245686,0.341917,0.264848,0.361705,0.617109,0.856456,0.465437,1,0.456204,0.361705,0.620021,0.386974,0.260891,0.701662,0.25053,0.704879,0.620021,0.841222,0.265875,0.847297,0.630737,0.704879,0.630317,0.709345,0.269453,0.874634,0.00812617,1,0,0.123346,0,0.284319,0.0667676,0.423623,0.0692167,0.59703,0,0.72195,0.000713729,0.847297,0]],
    "vertices":[1,0.0616064,-5.73976,1,0.0616069,-0.668913,-1,0.0616069,-0.928114,-1,0.0616064,-5.73976,0.956967,4.98063,-5.57295,1.16434,4.73059,-0.949277,-0.827519,4.81465,-1.28224,-0.888234,4.95429,-5.69319,0.985215,8.23545,-4.01213,0.847102,7.34853,-1.75357,-0.6511,7.34824,-1.79768,-0.762147,8.26981,-4.22614],
    "metadata":{
        "version":3,
        "type":"Geometry",
        "normals":10,
        "uvs":1,
        "generator":"io_three",
        "vertices":12,
        "faces":10
    },
    "faces":[41,0,1,2,3,0,1,2,3,0,0,0,0,41,6,5,9,10,4,5,6,7,1,1,1,1,41,0,4,5,1,8,9,10,11,2,2,2,2,41,1,5,6,2,12,5,4,13,3,3,3,3,41,2,6,7,3,14,15,16,17,4,4,4,4,41,4,0,3,7,18,19,20,21,5,5,5,5,41,8,11,10,9,22,23,7,6,6,6,6,6,41,5,4,8,9,10,9,24,25,7,7,7,7,41,7,6,10,11,16,15,26,27,8,8,8,8,41,4,7,11,8,18,21,28,29,9,9,9,9],
    "normals":[-6.25332e-09,-1,9.65014e-08,-0.0983571,0.244441,0.964663,0.999681,-0.0129052,-0.0217168,-0.144885,0.0716356,0.986852,-0.999535,0.0296791,0.00702957,0.0311014,0.0215135,-0.999285,-0.0188251,0.93283,0.359823,0.998778,0.0493922,-0.00189183,-0.998402,0.0463855,0.0322706,0.0851911,0.415363,-0.905658]
}