{
    "uvs":[[0.692284,0.379232,0.692284,0.768649,0.394476,0.741725,0.394476,0.379232,0.990233,0.491932,0.692284,0.496272,0.70187,0.379232,0.998514,0.381405,0.394476,0.389246,0.158518,0.389246,0.156735,0,0.38069,6.48196e-05,0.700914,0.711581,1,0.711581,0.409448,0.375791,0.394476,0.156375,0.786388,0.153596,0.786388,0.379232,0.297728,0.551559,0.297728,0.774297,0,0.778522,0.00107619,0.558197,0.954213,0.725156,0.954213,1,0.751376,0.994832,0.692284,0.711581,0,0.32247,0.0336964,0.0722518,0.519018,0.0407103,0.717559,0,0.00518614,0.393975,0.29098,0.389246]],
    "vertices":[1,0.0616064,-5.73976,1,0.0616069,2.70681,-5.21164,0.0616069,2.12282,-5.21164,0.0616064,-5.73976,1.08811,4.98063,-5.57295,1.16434,4.73059,2.86595,-5.03916,4.81465,2.48013,-5.09987,4.95429,-5.69319,0.985215,8.23545,-4.01213,1.07774,7.34853,1.3876,-5.01238,7.34824,-0.0934625,-4.97379,8.26981,-4.22614],
    "metadata":{
        "version":3,
        "type":"Geometry",
        "normals":10,
        "uvs":1,
        "generator":"io_three",
        "vertices":12,
        "faces":10
    },
    "faces":[41,0,1,2,3,0,1,2,3,0,0,0,0,41,6,5,9,10,4,5,6,7,1,1,1,1,41,0,4,5,1,8,9,10,11,2,2,2,2,41,1,5,6,2,12,5,4,13,3,3,3,3,41,2,6,7,3,14,15,16,17,4,4,4,4,41,4,0,3,7,18,19,20,21,5,5,5,5,41,8,11,10,9,22,23,24,25,6,6,6,6,41,5,4,8,9,10,9,26,27,7,7,7,7,41,7,6,10,11,16,15,28,29,8,8,8,8,41,4,7,11,8,18,21,30,31,9,9,9,9],
    "normals":[-2.74878e-09,-1,5.84748e-08,-0.114494,0.613342,0.781475,0.999646,-0.0261536,-0.00490048,-0.0781227,-0.0517795,0.995598,-0.999563,0.0292866,0.00403954,0.0096489,0.0215443,-0.999721,-0.0234559,0.98218,0.186471,0.99943,0.0323823,-0.00952718,-0.99963,0.0269048,0.00411736,0.0252608,0.418328,-0.907944]
}