{
    "vertices":[1,0.0616064,-5.73976,1,0.0616069,2.70681,-5.21164,0.0616069,2.12282,-5.21164,0.0616064,-5.73976,1.08811,4.98063,-5.57295,1.16434,4.73059,2.86595,-5.03916,4.81465,2.48013,-5.09987,4.95429,-5.69319,0.985215,8.23545,-4.01213,1.07774,7.34853,1.3876,-5.01238,7.34824,-0.0934625,-4.97379,8.26981,-4.22614],
    "metadata":{
        "faces":10,
        "normals":10,
        "version":3,
        "generator":"io_three",
        "vertices":12,
        "type":"Geometry"
    },
    "faces":[33,0,1,2,3,0,0,0,0,33,6,5,9,10,1,1,1,1,33,0,4,5,1,2,2,2,2,33,1,5,6,2,3,3,3,3,33,2,6,7,3,4,4,4,4,33,4,0,3,7,5,5,5,5,33,8,11,10,9,6,6,6,6,33,5,4,8,9,7,7,7,7,33,7,6,10,11,8,8,8,8,33,4,7,11,8,9,9,9,9],
    "normals":[-2.74878e-09,-1,5.84748e-08,-0.114494,0.613342,0.781475,0.999646,-0.0261536,-0.00490048,-0.0781227,-0.0517795,0.995598,-0.999563,0.0292866,0.00403954,0.0096489,0.0215443,-0.999721,-0.0234559,0.98218,0.186471,0.99943,0.0323823,-0.00952718,-0.99963,0.0269048,0.00411736,0.0252608,0.418328,-0.907944]
}