{
    "uvs":[[0.0591394,0.00848694,0.061787,0.00516915,0.0633505,6.12575e-05,0.0614976,0.00778816,0.133145,0.144731,0.133145,0.158438,0.117865,0.159079,0.118506,0.144731,0.0146171,0.975673,0.0327419,0.986472,6.12575e-05,0.999939,0.0162572,0.925802,0.0353716,0.870452,0.0375684,0.827233,0.0826821,0.150461,0.0809325,0.170479,0.0656398,0.170479,0.0634731,0.144731,0.0124366,0.810017,0.00226117,0.851598,6.12575e-05,0.902597,0.0418885,0.953691,0.101582,0.144731,0.110297,0.155244,0.101582,0.160541,0.117743,0.14522,0.11637,0.154827,0.117539,0.157781,0.0879078,0.10685,0.0880353,0.114822,0.0773612,0.112159,0.0773664,0.112173,0.10146,0.16555,0.0828046,0.170158,0.083197,0.14968,0.10146,0.144731,0.362926,0.06488,0.0899765,0.113106,0.243279,0.0588402,0.30414,0.0386164,0.0855807,0.107536,0.285114,6.12575e-05,0.347502,0.110329,0.315291,0.144608,0.264478,0.144608,0.363049,0.0197446,0.382332,0.309176,0.37623,0.0544366,0.37623,6.12575e-05,0.38117,0.316841,0.367115,0.0402114,0.0768928,0.111961,0.0741683,0.112901,0.0738723,0.11281,0.078022,0.113149,0.0744997,0.112992,0.0728931,0.113023,0.0727232,0.113336,0.0745053,0.112899,0.0718043,0.113169,0.0720037,0.113344,0.0710541,0.113579,0.0697512,0.113734,0.0722822,0.113204,0.070472,0.113339,0.0634731,0.114688,0.0679085,0.113709,0.0715069,0.113228,0.066876,0.114022,0.0688585,0.113701]],
    "vertices":[1,-0.573354,0.328686,1,-0.573354,1,0.350954,-0.573354,1,0.350955,-0.573354,0.328686,0.862225,9.05345,0.497078,0.862224,9.05345,0.846917,0.519346,9.05345,0.862224,0.534655,9.05345,0.497078,-1.11484,10.7491,0.874695,-1.10666,10.8118,0.499875,0.615939,9.07302,0.649004,0.599234,9.08377,0.478582,-1.22162,10.6824,0.888052,-1.19792,10.7416,0.470111,0.45177,8.57961,0.901239,0.539331,8.43759,0.452183,0.444942,7.95971,0.907927,0.193019,9.45143,0.875909,0.143778,9.56936,0.453047,0.526573,7.82732,0.443819,0.439884,7.50054,0.912882,0.517123,7.37527,0.437624,-2.04184,11.2659,1.24041,-1.99964,11.3226,0.203401,-2.14411,11.0388,0.768747,-2.08262,11.0901,0.379892,-2.80655,11.4924,1.29814,-2.74471,11.5614,0.0532221,-2.88152,10.9676,0.843023,-2.79888,11.0336,0.46037,-3.4032,11.7205,1.1619,-3.33646,11.7932,0.0196234,-3.47068,10.5791,0.590811,-3.3828,10.8793,0.207044,-4.02496,11.5047,0.942123,-3.96847,11.5701,0.22535,-4.10778,10.7544,1.0755,-4.03088,10.7873,0.33279,-4.66121,10.8709,0.860095,-4.60482,10.9363,0.301004,-4.74417,10.637,0.932285,-4.66738,10.6986,0.388003,-3.45474,10.8487,1.23354],
    "metadata":{
        "version":3,
        "type":"Geometry",
        "normals":63,
        "uvs":1,
        "generator":"io_three",
        "vertices":43,
        "faces":63
    },
    "faces":[41,0,1,2,3,0,1,2,3,0,0,0,0,41,4,7,6,5,4,5,6,7,1,1,1,1,41,0,4,5,1,0,8,9,1,2,2,2,2,40,2,1,5,2,1,9,3,3,3,40,5,6,14,9,10,11,4,4,4,40,16,20,2,12,13,2,5,5,5,40,5,14,16,9,11,12,6,6,6,40,5,16,2,9,12,2,7,7,7,41,14,6,7,15,14,15,16,17,8,8,8,8,40,7,4,0,21,8,0,9,9,9,40,0,3,21,0,3,18,10,10,10,40,21,19,15,18,19,20,11,11,11,40,15,7,0,20,21,0,12,12,12,40,0,21,15,0,18,20,13,13,13,40,5,10,6,22,23,24,14,14,14,41,4,11,10,5,25,26,23,22,15,15,15,15,41,6,10,11,7,24,23,26,27,16,16,16,16,40,11,4,7,26,25,27,17,17,17,41,13,12,24,25,28,29,30,31,18,18,18,18,40,3,2,20,3,2,32,19,19,19,40,16,14,15,33,11,20,20,20,20,40,3,20,16,3,32,33,21,21,21,40,15,19,21,20,34,35,22,22,22,40,21,3,16,35,3,33,23,23,23,40,16,15,21,33,20,35,24,24,24,40,7,15,13,39,36,28,25,25,25,40,13,9,18,28,37,38,26,26,26,40,13,18,7,28,38,39,27,27,27,40,9,8,6,37,40,41,28,28,28,40,6,7,18,41,39,38,29,29,29,40,6,18,9,41,38,37,30,30,30,40,8,12,14,40,29,42,31,31,31,40,14,6,17,42,43,44,32,32,32,40,14,17,8,42,44,40,33,33,33,41,14,12,13,15,42,29,28,36,34,34,34,34,40,20,12,16,45,46,47,35,35,35,41,12,20,21,13,46,45,48,49,36,36,36,36,41,16,12,13,19,47,46,49,50,37,37,37,37,40,13,21,19,49,48,50,38,38,38,41,24,22,26,28,30,51,52,53,39,39,39,39,41,12,8,22,24,29,40,51,30,40,40,40,40,41,8,9,23,22,40,37,54,51,41,41,41,41,41,9,13,25,23,37,28,31,54,42,42,42,42,41,26,27,31,30,52,55,56,57,43,43,43,43,41,25,24,28,29,31,30,53,58,44,44,44,44,41,22,23,27,26,51,54,55,52,45,45,45,45,41,23,25,29,27,54,31,58,55,46,46,46,46,40,36,32,42,62,59,60,47,47,47,40,42,30,34,60,57,61,48,48,48,40,42,34,36,60,61,62,49,49,49,41,27,29,33,31,55,58,63,56,50,50,50,50,40,32,28,26,59,53,52,51,51,51,40,26,30,42,52,57,60,52,52,52,40,26,42,32,52,60,59,53,53,53,41,29,28,32,33,58,53,59,63,54,54,54,54,41,37,36,40,41,64,62,65,66,55,55,55,55,41,33,32,36,37,63,59,62,64,56,56,56,56,41,30,31,35,34,57,56,67,61,57,57,57,57,41,31,33,37,35,56,63,64,67,58,58,58,58,41,38,39,41,40,68,69,66,65,59,59,59,59,41,34,35,39,38,61,67,69,68,60,60,60,60,41,35,37,41,39,67,64,66,69,61,61,61,61,41,36,34,38,40,62,61,68,65,62,62,62,62],
    "normals":[0,-1,0,0,1,0,0.999898,0.0143102,1.04278e-06,-1.83645e-07,0.0158998,0.999874,0.0444716,0.0756774,0.99614,0.98916,-0.00936333,0.146542,0.120543,0.00938309,0.992664,0.120543,0.0093832,0.992664,-0.989149,0.0578245,-0.13506,1.63739e-06,0.0174894,-0.999847,6.4278e-07,0.0137039,-0.999906,0.142734,-0.0166523,0.989621,0.804643,0.0492455,-0.591714,4.86217e-07,0.0137039,-0.999906,0.00416557,0.995629,0.0933065,0.0900613,0.995779,0.0176763,-0.269329,0.96284,0.020021,1.39809e-06,-0.520725,-0.853724,-0.342115,-0.925442,-0.162831,-0.999939,0.0110139,-7.10261e-07,-0.980956,0.00871118,-0.194032,-0.999939,0.0110139,-1.03928e-06,-0.142734,0.0166523,-0.989621,-0.983479,0.0230207,-0.17955,-0.983479,0.0230207,-0.17955,0.0866762,0.0730867,-0.993552,0.161816,0.199281,-0.96649,-0.241217,-0.262492,-0.934298,0.714333,0.687491,0.130707,0.795254,0.605359,0.0333411,0.690075,0.685786,0.231289,0.0804763,0.0702789,0.994276,0.12013,0.0644366,0.990665,0.0394792,0.0407244,0.99839,-0.790104,-0.611463,-0.0429964,-0.00560076,-0.0107278,-0.999927,0.886864,0.457234,0.0664077,-0.855409,-0.514529,-0.0594602,-0.00764361,-0.0135438,0.999879,-0.0244162,-0.774058,0.632643,-0.272934,-0.748574,0.604271,0.49223,0.865714,0.0908222,-0.0118127,-0.430586,-0.902472,0.350627,0.933563,0.0743032,0.072247,-0.987971,-0.136728,0.290253,0.954682,0.0658487,-0.037457,-0.604215,-0.79594,0.03973,-0.921785,0.38566,-0.361613,0.0975713,0.927209,-0.257351,0.196591,0.946109,0.194714,-0.38554,-0.901912,0.11771,-0.660137,0.741865,-0.188304,0.0914863,0.97784,0.663463,-0.695696,0.27536,0.499964,-0.819393,-0.280413,0.163162,-0.985183,-0.0528483,-0.205156,-0.929974,-0.305056,-0.330513,0.942576,0.0480779,-0.21195,-0.154132,-0.965049,-0.959812,0.26743,-0.0851019,-0.705694,0.708444,0.0101324,0.0056423,-0.187839,-0.982184,-0.306743,0.243822,0.920033]
}