{
    "metadata":{
        "version":3,
        "generator":"io_three",
        "vertices":43,
        "type":"Geometry",
        "faces":91
    },
    "faces":[0,0,2,3,0,7,5,4,0,4,1,0,0,5,20,1,0,14,7,15,0,0,21,4,0,5,10,6,0,4,10,5,0,10,7,6,0,11,4,7,0,13,24,25,0,16,19,20,0,13,18,15,0,6,18,8,0,14,17,12,0,14,13,15,0,20,12,16,0,20,13,12,0,16,13,19,0,13,21,19,0,24,26,28,0,12,22,24,0,8,23,22,0,9,25,23,0,27,30,26,0,24,29,25,0,23,26,22,0,25,27,23,0,42,34,36,0,27,33,31,0,26,42,28,0,28,33,29,0,36,41,37,0,32,37,33,0,30,35,34,0,33,35,31,0,38,41,40,0,34,39,38,0,37,39,35,0,36,38,40,0,0,1,2,0,7,6,5,0,4,5,1,0,2,1,20,0,5,6,14,0,16,20,5,0,5,14,16,0,14,6,7,0,7,4,15,0,0,3,21,0,21,19,4,0,15,4,19,0,4,11,10,0,10,11,7,0,13,12,24,0,3,2,21,0,16,14,15,0,2,20,21,0,19,21,20,0,16,15,19,0,7,15,18,0,13,9,18,0,9,8,18,0,6,7,18,0,8,12,17,0,14,6,17,0,14,12,13,0,20,21,13,0,16,12,13,0,24,22,26,0,12,8,22,0,8,9,23,0,9,13,25,0,27,31,30,0,24,28,29,0,23,27,26,0,25,29,27,0,36,32,42,0,42,30,34,0,27,29,33,0,32,28,42,0,26,30,42,0,28,32,33,0,36,40,41,0,32,36,37,0,30,31,35,0,33,37,35,0,38,39,41,0,34,35,39,0,37,41,39,0,36,34,38],
    "vertices":[1,-0.573354,0.328686,1,-0.573354,1,0.350954,-0.573354,1,0.350955,-0.573354,0.328686,0.862225,9.05345,0.497078,0.862224,9.05345,0.846917,0.519346,9.05345,0.862224,0.534655,9.05345,0.497078,-1.11484,10.7491,0.874695,-1.10666,10.8118,0.499875,0.615939,9.07302,0.649004,0.599234,9.08377,0.478582,-1.22162,10.6824,0.888052,-1.19792,10.7416,0.470111,0.45177,8.57961,0.901239,0.539331,8.43759,0.452183,0.444942,7.95971,0.907927,0.193019,9.45143,0.875909,0.143778,9.56936,0.453047,0.526573,7.82732,0.443819,0.439884,7.50054,0.912882,0.517123,7.37527,0.437624,-2.04184,11.2659,1.24041,-1.99964,11.3226,0.203401,-2.14411,11.0388,0.768747,-2.08262,11.0901,0.379892,-2.80655,11.4924,1.29814,-2.74471,11.5614,0.0532221,-2.88152,10.9676,0.843023,-2.79888,11.0336,0.46037,-3.4032,11.7205,1.1619,-3.33646,11.7932,0.0196234,-3.47068,10.5791,0.590811,-3.3828,10.8793,0.207044,-4.02496,11.5047,0.942123,-3.96847,11.5701,0.22535,-4.10778,10.7544,1.0755,-4.03088,10.7873,0.33279,-4.66121,10.8709,0.860095,-4.60482,10.9363,0.301004,-4.74417,10.637,0.932285,-4.66738,10.6986,0.388003,-3.45474,10.8487,1.23354]
}